{"name": "boneage_blackbox_20_models", "start time": "2022-04-26 16:51:02.593213", "attack_config": {"train_config": {"data_config": {"name": "boneage", "prop": "sex", "value": 0.5, "split": "adv", "drop_senstive_cols": false, "scale": 1.0, "augment": false, "classify": null, "cwise_samples": null, "squeeze": true}, "epochs": 0, "learning_rate": 0.0, "batch_size": 0, "misc_config": null, "verbose": false, "num_models": 1, "offset": 0, "weight_decay": 0, "get_best": true, "cpu": false, "expect_extra": true, "save_every_epoch": false, "extra_info": null}, "values": [0.2, 0.3, 0.4, 0.6, 0.7, 0.8], "black_box": {"attack_type": ["loss_and_threshold", "threshold_perpoint"], "ratios": [0.05, 0.1, 0.2, 0.3, 0.4, 0.5, 1.0], "granularity": 0.05, "batch_size": 30000, "num_adv_models": 20, "preload": true}, "white_box": null, "tries": 5, "num_victim_models": 1000, "on_cpu": false, "adv_diff_misc_config": false, "adv_misc_config": null, "num_total_adv_models": 1000}, "result": {"loss_and_threshold": {"0.2": {"adv_acc": [85.0, 82.5, 82.5, 95.0, 77.5], "victim_acc": [[80.95, 50.0], [78.9, 50.5], [55.85, 47.15], [67.55, 57.75], [75.64999999999999, 71.2]]}, "0.3": {"adv_acc": [67.5, 75.0, 77.5, 70.0, 87.5], "victim_acc": [[63.4, 50.0], [79.7, 50.0], [62.7, 59.3], [55.1, 48.95], [56.2, 59.9]]}, "0.4": {"adv_acc": [75.0, 67.5, 65.0, 67.5, 75.0], "victim_acc": [[60.0, 57.60000000000001], [51.65, 52.75], [50.349999999999994, 50.1], [50.7, 50.64999999999999], [48.85, 52.849999999999994]]}, "0.6": {"adv_acc": [72.5, 67.5, 70.0, 70.0, 65.0], "victim_acc": [[59.0, 53.55], [45.550000000000004, 51.349999999999994], [50.05, 58.25], [46.800000000000004, 48.6], [53.1, 50.1]]}, "0.7": {"adv_acc": [72.5, 75.0, 75.0, 82.5, 80.0], "victim_acc": [[50.74999999999999, 56.00000000000001], [57.199999999999996, 53.6], [60.85, 56.05], [80.30000000000001, 67.25], [53.349999999999994, 50.9]]}, "0.8": {"adv_acc": [90.0, 87.5, 82.5, 82.5, 82.5], "victim_acc": [[57.8, 57.4], [63.800000000000004, 71.50000000000001], [60.6, 57.3], [75.85, 67.35], [64.7, 78.49999999999999]]}}, "threshold_perpoint": {"0.2": {"adv_acc": [100.0, 100.0, 100.0, 100.0, 100.0], "victim_acc": [94.65, 87.1, 89.64999999999999, 83.95, 92.35]}, "0.3": {"adv_acc": [100.0, 97.5, 92.5, 97.5, 92.5], "victim_acc": [75.6, 80.75, 74.8, 80.10000000000001, 72.6]}, "0.4": {"adv_acc": [90.0, 100.0, 85.0, 95.0, 85.0], "victim_acc": [61.9, 72.85000000000001, 53.55, 65.4, 56.699999999999996]}, "0.6": {"adv_acc": [80.0, 97.5, 82.5, 95.0, 90.0], "victim_acc": [62.1, 68.85, 64.2, 64.85, 68.7]}, "0.7": {"adv_acc": [97.5, 92.5, 95.0, 92.5, 92.5], "victim_acc": [83.2, 78.8, 63.0, 75.9, 81.75]}, "0.8": {"adv_acc": [95.0, 97.5, 100.0, 100.0, 100.0], "victim_acc": [92.30000000000001, 92.65, 86.4, 89.64999999999999, 93.10000000000001]}}}, "save time": "2022-04-26 17:08:18.883310"}