{"name": "boneage_blackbox_30_models", "start time": "2022-04-26 16:50:08.335800", "attack_config": {"train_config": {"data_config": {"name": "boneage", "prop": "sex", "value": 0.5, "split": "adv", "drop_senstive_cols": false, "scale": 1.0, "augment": false, "classify": null, "cwise_samples": null, "squeeze": true}, "epochs": 0, "learning_rate": 0.0, "batch_size": 0, "misc_config": null, "verbose": false, "num_models": 1, "offset": 0, "weight_decay": 0, "get_best": true, "cpu": false, "expect_extra": true, "save_every_epoch": false, "extra_info": null}, "values": [0.2, 0.3, 0.4, 0.6, 0.7, 0.8], "black_box": {"attack_type": ["loss_and_threshold", "threshold_perpoint"], "ratios": [0.05, 0.1, 0.2, 0.3, 0.4, 0.5, 1.0], "granularity": 0.05, "batch_size": 30000, "num_adv_models": 30, "preload": true}, "white_box": null, "tries": 5, "num_victim_models": 1000, "on_cpu": false, "adv_diff_misc_config": false, "adv_misc_config": null, "num_total_adv_models": 1000}, "result": {"loss_and_threshold": {"0.2": {"adv_acc": [83.33333333333334, 85.0, 86.66666666666667, 83.33333333333334, 81.66666666666667], "victim_acc": [[80.4, 50.0], [64.0, 53.1], [56.85, 50.0], [86.0, 80.55], [68.25, 50.0]]}, "0.3": {"adv_acc": [76.66666666666667, 66.66666666666666, 76.66666666666667, 78.33333333333333, 80.0], "victim_acc": [[72.39999999999999, 56.599999999999994], [59.85, 52.949999999999996], [60.4, 57.9], [66.95, 52.75], [65.45, 50.0]]}, "0.4": {"adv_acc": [66.66666666666666, 65.0, 70.0, 66.66666666666666, 71.66666666666667], "victim_acc": [[62.74999999999999, 51.9], [53.849999999999994, 50.0], [51.55, 49.6], [55.65, 49.05], [60.8, 52.7]]}, "0.6": {"adv_acc": [75.0, 65.0, 68.33333333333333, 73.33333333333333, 66.66666666666666], "victim_acc": [[58.75, 58.94999999999999], [54.300000000000004, 50.7], [55.50000000000001, 51.4], [52.7, 50.05], [54.85, 50.3]]}, "0.7": {"adv_acc": [75.0, 76.66666666666667, 78.33333333333333, 83.33333333333334, 81.66666666666667], "victim_acc": [[52.300000000000004, 50.949999999999996], [78.95, 51.2], [55.300000000000004, 50.55], [68.4, 67.7], [62.5, 67.7]]}, "0.8": {"adv_acc": [85.0, 81.66666666666667, 71.66666666666667, 85.0, 85.0], "victim_acc": [[76.55, 54.05], [70.55, 76.05], [59.0, 59.650000000000006], [81.89999999999999, 71.8], [85.15, 72.30000000000001]]}}, "threshold_perpoint": {"0.2": {"adv_acc": [100.0, 93.33333333333333, 100.0, 95.0, 95.0], "victim_acc": [87.35000000000001, 87.0, 95.89999999999999, 90.85, 86.6]}, "0.3": {"adv_acc": [95.0, 93.33333333333333, 98.33333333333333, 93.33333333333333, 88.33333333333333], "victim_acc": [83.65, 79.4, 83.15, 78.64999999999999, 75.94999999999999]}, "0.4": {"adv_acc": [85.0, 81.66666666666667, 78.33333333333333, 76.66666666666667, 88.33333333333333], "victim_acc": [62.5, 57.550000000000004, 54.15, 59.0, 63.24999999999999]}, "0.6": {"adv_acc": [98.33333333333333, 73.33333333333333, 76.66666666666667, 80.0, 98.33333333333333], "victim_acc": [68.10000000000001, 60.85, 56.55, 59.699999999999996, 74.8]}, "0.7": {"adv_acc": [83.33333333333334, 95.0, 88.33333333333333, 93.33333333333333, 90.0], "victim_acc": [75.2, 71.35000000000001, 70.35, 71.95, 77.35]}, "0.8": {"adv_acc": [98.33333333333333, 93.33333333333333, 96.66666666666667, 100.0, 100.0], "victim_acc": [85.39999999999999, 86.65, 92.80000000000001, 89.60000000000001, 92.35]}}}, "save time": "2022-04-26 17:08:22.390514"}