{"name": "boneage_blackbox_10_models", "start time": "2022-04-26 16:52:05.840849", "attack_config": {"train_config": {"data_config": {"name": "boneage", "prop": "sex", "value": 0.5, "split": "adv", "drop_senstive_cols": false, "scale": 1.0, "augment": false, "classify": null, "cwise_samples": null, "squeeze": true}, "epochs": 0, "learning_rate": 0.0, "batch_size": 0, "misc_config": null, "verbose": false, "num_models": 1, "offset": 0, "weight_decay": 0, "get_best": true, "cpu": false, "expect_extra": true, "save_every_epoch": false, "extra_info": null}, "values": [0.2, 0.3, 0.4, 0.6, 0.7, 0.8], "black_box": {"attack_type": ["loss_and_threshold", "threshold_perpoint"], "ratios": [0.05, 0.1, 0.2, 0.3, 0.4, 0.5, 1.0], "granularity": 0.05, "batch_size": 30000, "num_adv_models": 10, "preload": true}, "white_box": null, "tries": 5, "num_victim_models": 1000, "on_cpu": false, "adv_diff_misc_config": false, "adv_misc_config": null, "num_total_adv_models": 1000}, "result": {"loss_and_threshold": {"0.2": {"adv_acc": [90.0, 75.0, 85.0, 85.0, 95.0], "victim_acc": [[70.35, 49.85], [79.7, 50.0], [67.2, 50.0], [84.1, 65.85], [79.3, 50.0]]}, "0.3": {"adv_acc": [90.0, 85.0, 80.0, 95.0, 85.0], "victim_acc": [[51.849999999999994, 47.3], [48.65, 52.65], [57.15, 49.75000000000001], [60.150000000000006, 57.45], [58.5, 57.45]]}, "0.4": {"adv_acc": [70.0, 90.0, 80.0, 95.0, 80.0], "victim_acc": [[53.400000000000006, 51.74999999999999], [48.1, 54.15], [52.400000000000006, 49.75000000000001], [60.3, 50.0], [61.3, 45.050000000000004]]}, "0.6": {"adv_acc": [75.0, 75.0, 85.0, 80.0, 70.0], "victim_acc": [[48.4, 57.45], [57.05, 50.7], [48.65, 49.25], [51.24999999999999, 53.949999999999996], [52.25, 49.95]]}, "0.7": {"adv_acc": [85.0, 85.0, 75.0, 80.0, 75.0], "victim_acc": [[53.949999999999996, 53.349999999999994], [62.150000000000006, 59.4], [77.3, 76.25], [55.2, 67.65], [62.5, 66.35]]}, "0.8": {"adv_acc": [90.0, 90.0, 95.0, 85.0, 90.0], "victim_acc": [[90.2, 83.0], [58.9, 74.05], [81.25, 65.85], [66.05, 52.6], [74.0, 54.2]]}}, "threshold_perpoint": {"0.2": {"adv_acc": [100.0, 100.0, 100.0, 100.0, 100.0], "victim_acc": [89.4, 88.0, 77.9, 95.75, 95.75]}, "0.3": {"adv_acc": [95.0, 95.0, 100.0, 100.0, 100.0], "victim_acc": [71.7, 56.699999999999996, 88.1, 66.75, 61.1]}, "0.4": {"adv_acc": [95.0, 100.0, 100.0, 100.0, 100.0], "victim_acc": [58.5, 56.85, 53.449999999999996, 68.75, 71.1]}, "0.6": {"adv_acc": [95.0, 95.0, 100.0, 100.0, 100.0], "victim_acc": [61.6, 62.45, 59.75, 53.25, 59.25]}, "0.7": {"adv_acc": [100.0, 100.0, 95.0, 100.0, 100.0], "victim_acc": [78.55, 77.7, 77.4, 86.95, 67.10000000000001]}, "0.8": {"adv_acc": [100.0, 95.0, 100.0, 100.0, 100.0], "victim_acc": [92.55, 89.95, 94.3, 97.35000000000001, 86.8]}}}, "save time": "2022-04-26 17:08:14.628616"}