{"name": "boneage_blackbox_40_models", "start time": "2022-04-26 16:49:22.231076", "attack_config": {"train_config": {"data_config": {"name": "boneage", "prop": "sex", "value": 0.5, "split": "adv", "drop_senstive_cols": false, "scale": 1.0, "augment": false, "classify": null, "cwise_samples": null, "squeeze": true}, "epochs": 0, "learning_rate": 0.0, "batch_size": 0, "misc_config": null, "verbose": false, "num_models": 1, "offset": 0, "weight_decay": 0, "get_best": true, "cpu": false, "expect_extra": true, "save_every_epoch": false, "extra_info": null}, "values": [0.2, 0.3, 0.4, 0.6, 0.7, 0.8], "black_box": {"attack_type": ["loss_and_threshold", "threshold_perpoint"], "ratios": [0.05, 0.1, 0.2, 0.3, 0.4, 0.5, 1.0], "granularity": 0.05, "batch_size": 30000, "num_adv_models": 40, "preload": true}, "white_box": null, "tries": 5, "num_victim_models": 1000, "on_cpu": false, "adv_diff_misc_config": false, "adv_misc_config": null, "num_total_adv_models": 1000}, "result": {"loss_and_threshold": {"0.2": {"adv_acc": [85.0, 86.25, 81.25, 86.25, 88.75], "victim_acc": [[71.85000000000001, 67.05], [83.95, 55.800000000000004], [78.60000000000001, 50.349999999999994], [85.7, 50.0], [89.60000000000001, 50.0]]}, "0.3": {"adv_acc": [75.0, 66.25, 68.75, 72.5, 72.5], "victim_acc": [[64.7, 62.1], [57.35, 51.05], [76.4, 50.0], [65.7, 51.24999999999999], [76.3, 49.7]]}, "0.4": {"adv_acc": [65.0, 63.74999999999999, 61.25000000000001, 62.5, 68.75], "victim_acc": [[54.449999999999996, 63.349999999999994], [58.15, 51.7], [57.3, 49.75000000000001], [60.650000000000006, 49.0], [58.650000000000006, 58.00000000000001]]}, "0.6": {"adv_acc": [67.5, 77.5, 71.25, 67.5, 65.0], "victim_acc": [[65.25, 53.449999999999996], [55.400000000000006, 52.400000000000006], [56.89999999999999, 55.699999999999996], [58.3, 47.95], [54.900000000000006, 48.699999999999996]]}, "0.7": {"adv_acc": [65.0, 77.5, 75.0, 73.75, 76.25], "victim_acc": [[56.699999999999996, 50.449999999999996], [62.64999999999999, 36.6], [68.75, 57.699999999999996], [69.15, 50.3], [58.099999999999994, 52.949999999999996]]}, "0.8": {"adv_acc": [90.0, 80.0, 83.75, 97.5, 81.25], "victim_acc": [[89.8, 87.05000000000001], [66.75, 54.699999999999996], [75.5, 74.2], [91.85, 81.89999999999999], [92.05, 49.5]]}}, "threshold_perpoint": {"0.2": {"adv_acc": [97.5, 96.25, 95.0, 100.0, 98.75], "victim_acc": [88.7, 89.3, 93.45, 92.05, 85.39999999999999]}, "0.3": {"adv_acc": [93.75, 88.75, 98.75, 96.25, 96.25], "victim_acc": [79.45, 78.2, 85.65, 85.65, 83.85000000000001]}, "0.4": {"adv_acc": [77.5, 86.25, 86.25, 96.25, 72.5], "victim_acc": [61.6, 59.550000000000004, 64.60000000000001, 61.6, 64.0]}, "0.6": {"adv_acc": [73.75, 82.5, 76.25, 73.75, 87.5], "victim_acc": [61.1, 61.3, 63.74999999999999, 63.849999999999994, 72.15]}, "0.7": {"adv_acc": [87.5, 85.0, 82.5, 93.75, 91.25], "victim_acc": [75.64999999999999, 78.5, 77.10000000000001, 85.9, 77.7]}, "0.8": {"adv_acc": [96.25, 97.5, 96.25, 98.75, 100.0], "victim_acc": [94.75, 87.5, 89.8, 96.6, 89.25]}}}, "save time": "2022-04-26 17:08:26.235793"}