{"name": "celeba_y_blackbox_40_models", "start time": "2022-05-03 17:14:00.772586", "attack_config": {"train_config": {"data_config": {"name": "celeba", "prop": "Young", "value": 0.5, "split": "adv", "drop_senstive_cols": false, "scale": 1.0, "augment": false, "classify": "Male", "cwise_samples": null, "squeeze": true}, "epochs": 0, "learning_rate": 0.0, "batch_size": 0, "misc_config": null, "verbose": false, "num_models": 1, "offset": 0, "weight_decay": 0, "get_best": true, "cpu": false, "expect_extra": true, "save_every_epoch": false, "extra_info": null}, "values": [0.0, 0.1, 0.2, 0.3, 0.4, 0.6, 0.7, 0.8, 0.9, 1.0], "black_box": {"attack_type": ["loss_and_threshold", "threshold_perpoint"], "ratios": [0.05, 0.1, 0.2, 0.3, 0.4, 0.5, 1.0], "granularity": 0.05, "batch_size": 30000, "num_adv_models": 40, "preload": true}, "white_box": null, "tries": 5, "num_victim_models": 1000, "on_cpu": false, "adv_diff_misc_config": false, "adv_misc_config": null, "num_total_adv_models": 1000}, "result": {"loss_and_threshold": {"0.0": {"adv_acc": [68.75, 68.75, 71.25, 73.75, 68.75], "victim_acc": [[50.87983911513323, 60.19211324570273], [59.07491201608849, 63.23255813953488], [57.11412770236299, 62.32755308392315], [58.7229763700352, 52.23382204246714], [62.745098039215684, 65.3736602628918]]}, "0.1": {"adv_acc": [76.25, 63.74999999999999, 67.5, 70.0, 67.5], "victim_acc": [[59.099999999999994, 55.00000000000001], [49.6, 51.0], [59.699999999999996, 62.2], [56.99999999999999, 54.0], [53.0, 54.49999999999999]]}, "0.2": {"adv_acc": [62.5, 65.0, 68.75, 66.25, 65.0], "victim_acc": [[51.5, 53.49999999999999], [50.349999999999994, 51.9], [56.10000000000001, 54.300000000000004], [51.05, 51.2], [56.35, 58.00000000000001]]}, "0.3": {"adv_acc": [66.25, 67.5, 62.5, 58.75, 58.75], "victim_acc": [[50.349999999999994, 49.95], [51.800000000000004, 52.75], [50.2, 52.65], [52.65, 51.449999999999996], [50.2, 49.8]]}, "0.4": {"adv_acc": [67.5, 60.0, 65.0, 61.25000000000001, 62.5], "victim_acc": [[51.1, 50.0], [49.85, 51.05], [51.6, 50.8], [49.6, 49.3], [51.1, 49.64999999999999]]}, "0.6": {"adv_acc": [60.0, 61.25000000000001, 66.25, 62.5, 62.5], "victim_acc": [[50.2, 50.95], [49.8, 48.85], [50.6, 48.85], [49.9, 49.9], [49.2, 50.3]]}, "0.7": {"adv_acc": [63.74999999999999, 67.5, 61.25000000000001, 71.25, 65.0], "victim_acc": [[48.55, 50.3], [49.0, 49.3], [49.85, 49.9], [53.75, 52.400000000000006], [53.349999999999994, 51.05]]}, "0.8": {"adv_acc": [61.25000000000001, 60.0, 65.0, 61.25000000000001, 70.0], "victim_acc": [[53.1, 53.800000000000004], [56.99999999999999, 55.7], [46.85, 55.60000000000001], [53.949999999999996, 48.45], [54.85, 50.5]]}, "0.9": {"adv_acc": [63.74999999999999, 58.75, 71.25, 65.0, 65.0], "victim_acc": [[53.7, 40.65], [52.75, 54.949999999999996], [52.5, 47.5], [53.0, 56.699999999999996], [55.60000000000001, 54.05]]}, "1.0": {"adv_acc": [65.0, 65.0, 62.5, 61.25000000000001, 70.0], "victim_acc": [[48.9, 57.400000000000006], [54.7, 53.900000000000006], [55.95, 55.65], [62.45, 47.1], [53.6, 55.49999999999999]]}}, "threshold_perpoint": {"0.0": {"adv_acc": [72.5, 68.75, 77.5, 76.25, 75.0], "victim_acc": [51.93564605329312, 58.22021116138764, 56.209150326797385, 59.22574157868276, 57.76772247360482]}, "0.1": {"adv_acc": [71.25, 71.25, 68.75, 71.25, 68.75], "victim_acc": [54.25, 52.949999999999996, 61.1, 54.05, 55.50000000000001]}, "0.2": {"adv_acc": [63.74999999999999, 68.75, 68.75, 70.0, 66.25], "victim_acc": [50.449999999999996, 49.6, 55.300000000000004, 51.24999999999999, 55.15]}, "0.3": {"adv_acc": [66.25, 78.75, 71.25, 58.75, 63.74999999999999], "victim_acc": [50.74999999999999, 53.15, 54.05, 54.800000000000004, 52.400000000000006]}, "0.4": {"adv_acc": [65.0, 63.74999999999999, 66.25, 66.25, 62.5], "victim_acc": [50.24999999999999, 50.9, 50.05, 51.74999999999999, 50.8]}, "0.6": {"adv_acc": [62.5, 65.0, 67.5, 61.25000000000001, 66.25], "victim_acc": [51.7, 48.6, 52.0, 47.8, 48.8]}, "0.7": {"adv_acc": [67.5, 65.0, 66.25, 70.0, 66.25], "victim_acc": [49.8, 48.35, 49.1, 52.449999999999996, 52.6]}, "0.8": {"adv_acc": [62.5, 60.0, 81.25, 65.0, 68.75], "victim_acc": [56.89999999999999, 56.25, 50.14999999999999, 57.49999999999999, 57.099999999999994]}, "0.9": {"adv_acc": [66.25, 77.5, 78.75, 65.0, 66.25], "victim_acc": [58.9, 65.75, 57.99999999999999, 56.95, 51.0]}, "1.0": {"adv_acc": [66.25, 70.0, 67.5, 92.5, 71.25], "victim_acc": [54.85, 56.75, 55.45, 59.8, 54.2]}}}, "save time": "2022-05-03 22:40:36.370061"}