{"name": "celeba_y_blackbox_30_models", "start time": "2022-05-03 17:07:44.496885", "attack_config": {"train_config": {"data_config": {"name": "celeba", "prop": "Young", "value": 0.5, "split": "adv", "drop_senstive_cols": false, "scale": 1.0, "augment": false, "classify": "Male", "cwise_samples": null, "squeeze": true}, "epochs": 0, "learning_rate": 0.0, "batch_size": 0, "misc_config": null, "verbose": false, "num_models": 1, "offset": 0, "weight_decay": 0, "get_best": true, "cpu": false, "expect_extra": true, "save_every_epoch": false, "extra_info": null}, "values": [0.0, 0.1, 0.2, 0.3, 0.4, 0.6, 0.7, 0.8, 0.9, 1.0], "black_box": {"attack_type": ["loss_and_threshold", "threshold_perpoint"], "ratios": [0.05, 0.1, 0.2, 0.3, 0.4, 0.5, 1.0], "granularity": 0.05, "batch_size": 30000, "num_adv_models": 30, "preload": true}, "white_box": null, "tries": 5, "num_victim_models": 1000, "on_cpu": false, "adv_diff_misc_config": false, "adv_misc_config": null, "num_total_adv_models": 1000}, "result": {"loss_and_threshold": {"0.0": {"adv_acc": [68.33333333333333, 71.66666666666667, 71.66666666666667, 78.33333333333333, 65.0], "victim_acc": [[60.4323780794369, 55.0123862487361], [68.62745098039215, 58.527755308392315], [63.7506284565108, 61.21162790697674], [58.47159376571142, 59.73215369059657], [55.75666163901458, 57.24256825075834]]}, "0.1": {"adv_acc": [66.66666666666666, 63.33333333333333, 68.33333333333333, 60.0, 71.66666666666667], "victim_acc": [[52.1, 50.7], [52.7, 57.3], [57.25, 63.39999999999999], [50.6, 50.0], [59.35, 52.7]]}, "0.2": {"adv_acc": [71.66666666666667, 68.33333333333333, 66.66666666666666, 66.66666666666666, 68.33333333333333], "victim_acc": [[55.65, 58.00000000000001], [54.400000000000006, 51.6], [50.3, 55.15], [49.45, 53.15], [56.25, 57.2]]}, "0.3": {"adv_acc": [60.0, 65.0, 61.66666666666667, 68.33333333333333, 71.66666666666667], "victim_acc": [[49.95, 49.7], [50.1, 49.7], [53.2, 48.650000000000006], [50.14999999999999, 50.2], [50.8, 54.15]]}, "0.4": {"adv_acc": [63.33333333333333, 66.66666666666666, 70.0, 66.66666666666666, 70.0], "victim_acc": [[51.05, 49.150000000000006], [49.75, 50.75000000000001], [50.4, 52.05], [49.4, 50.35000000000001], [51.15, 49.550000000000004]]}, "0.6": {"adv_acc": [61.66666666666667, 63.33333333333333, 70.0, 66.66666666666666, 65.0], "victim_acc": [[49.55, 51.1], [51.849999999999994, 50.3], [52.15, 48.75], [50.349999999999994, 51.55], [50.24999999999999, 50.2]]}, "0.7": {"adv_acc": [65.0, 63.33333333333333, 58.333333333333336, 66.66666666666666, 71.66666666666667], "victim_acc": [[53.0, 49.95], [52.1, 51.349999999999994], [51.65, 53.2], [52.05, 49.05], [52.400000000000006, 55.00000000000001]]}, "0.8": {"adv_acc": [63.33333333333333, 61.66666666666667, 61.66666666666667, 71.66666666666667, 61.66666666666667], "victim_acc": [[56.39999999999999, 53.400000000000006], [53.849999999999994, 50.95], [54.65, 47.199999999999996], [53.75, 56.25], [49.95, 51.35000000000001]]}, "0.9": {"adv_acc": [68.33333333333333, 73.33333333333333, 63.33333333333333, 66.66666666666666, 68.33333333333333], "victim_acc": [[54.0, 57.49999999999999], [48.25, 47.55], [46.550000000000004, 51.150000000000006], [56.25, 53.400000000000006], [55.00000000000001, 57.35]]}, "1.0": {"adv_acc": [63.33333333333333, 63.33333333333333, 70.0, 68.33333333333333, 70.0], "victim_acc": [[53.949999999999996, 53.0], [48.05, 46.25], [56.3, 52.0], [53.55, 54.400000000000006], [68.30000000000001, 44.15]]}}, "threshold_perpoint": {"0.0": {"adv_acc": [71.66666666666667, 70.0, 71.66666666666667, 73.33333333333333, 78.33333333333333], "victim_acc": [55.90749120160885, 59.276018099547514, 59.125188536953246, 56.41025641025641, 56.00804424333836]}, "0.1": {"adv_acc": [70.0, 65.0, 70.0, 65.0, 70.0], "victim_acc": [53.449999999999996, 52.75, 58.699999999999996, 52.25, 51.9]}, "0.2": {"adv_acc": [70.0, 75.0, 78.33333333333333, 80.0, 70.0], "victim_acc": [53.400000000000006, 56.95, 50.64999999999999, 52.05, 58.650000000000006]}, "0.3": {"adv_acc": [66.66666666666666, 66.66666666666666, 68.33333333333333, 68.33333333333333, 71.66666666666667], "victim_acc": [49.85, 51.2, 53.05, 50.3, 50.949999999999996]}, "0.4": {"adv_acc": [61.66666666666667, 63.33333333333333, 73.33333333333333, 65.0, 68.33333333333333], "victim_acc": [49.3, 49.35, 50.24999999999999, 51.5, 50.8]}, "0.6": {"adv_acc": [71.66666666666667, 66.66666666666666, 68.33333333333333, 60.0, 66.66666666666666], "victim_acc": [52.0, 53.300000000000004, 52.15, 50.55, 50.24999999999999]}, "0.7": {"adv_acc": [68.33333333333333, 73.33333333333333, 61.66666666666667, 75.0, 71.66666666666667], "victim_acc": [52.7, 51.800000000000004, 53.949999999999996, 51.15, 52.400000000000006]}, "0.8": {"adv_acc": [66.66666666666666, 63.33333333333333, 75.0, 75.0, 66.66666666666666], "victim_acc": [54.400000000000006, 57.4, 53.449999999999996, 53.2, 55.85]}, "0.9": {"adv_acc": [66.66666666666666, 75.0, 65.0, 68.33333333333333, 70.0], "victim_acc": [57.25, 48.9, 48.949999999999996, 57.45, 59.050000000000004]}, "1.0": {"adv_acc": [71.66666666666667, 70.0, 71.66666666666667, 68.33333333333333, 68.33333333333333], "victim_acc": [57.550000000000004, 48.35, 57.25, 55.1, 64.7]}}}, "save time": "2022-05-03 22:23:34.317610"}