{"name": "celeba_y_blackbox_20_models", "start time": "2022-05-03 17:06:53.766978", "attack_config": {"train_config": {"data_config": {"name": "celeba", "prop": "Young", "value": 0.5, "split": "adv", "drop_senstive_cols": false, "scale": 1.0, "augment": false, "classify": "Male", "cwise_samples": null, "squeeze": true}, "epochs": 0, "learning_rate": 0.0, "batch_size": 0, "misc_config": null, "verbose": false, "num_models": 1, "offset": 0, "weight_decay": 0, "get_best": true, "cpu": false, "expect_extra": true, "save_every_epoch": false, "extra_info": null}, "values": [0.0, 0.1, 0.2, 0.3, 0.4, 0.6, 0.7, 0.8, 0.9, 1.0], "black_box": {"attack_type": ["loss_and_threshold", "threshold_perpoint"], "ratios": [0.05, 0.1, 0.2, 0.3, 0.4, 0.5, 1.0], "granularity": 0.05, "batch_size": 30000, "num_adv_models": 20, "preload": true}, "white_box": null, "tries": 5, "num_victim_models": 1000, "on_cpu": false, "adv_diff_misc_config": false, "adv_misc_config": null, "num_total_adv_models": 1000}, "result": {"loss_and_threshold": {"0.0": {"adv_acc": [85.0, 67.5, 70.0, 77.5, 67.5], "victim_acc": [[63.70035193564605, 51.89105156723963], [44.19306184012066, 64.9679979777553], [51.38260432378079, 54.17381193124369], [57.96882855706386, 49.09292214357937], [58.521870286576174, 71.0453488372093]]}, "0.1": {"adv_acc": [67.5, 77.5, 67.5, 67.5, 70.0], "victim_acc": [[60.0, 61.9], [62.35000000000001, 57.49999999999999], [51.1, 54.449999999999996], [62.5, 59.650000000000006], [59.050000000000004, 53.949999999999996]]}, "0.2": {"adv_acc": [62.5, 62.5, 67.5, 67.5, 70.0], "victim_acc": [[54.6, 55.25], [51.9, 51.25000000000001], [50.24999999999999, 59.699999999999996], [50.55, 49.4], [56.2, 55.45]]}, "0.3": {"adv_acc": [67.5, 67.5, 65.0, 65.0, 65.0], "victim_acc": [[50.3, 51.800000000000004], [49.9, 48.1], [49.75, 49.8], [49.4, 48.6], [50.349999999999994, 51.1]]}, "0.4": {"adv_acc": [65.0, 65.0, 75.0, 65.0, 62.5], "victim_acc": [[49.35, 51.9], [49.3, 49.849999999999994], [50.4, 50.24999999999999], [50.6, 51.9], [50.5, 48.85]]}, "0.6": {"adv_acc": [62.5, 75.0, 65.0, 75.0, 65.0], "victim_acc": [[50.24999999999999, 48.3], [52.05, 50.0], [51.74999999999999, 48.75], [49.35, 51.2], [50.8, 48.75]]}, "0.7": {"adv_acc": [60.0, 62.5, 72.5, 60.0, 60.0], "victim_acc": [[50.9, 46.95], [48.75, 51.349999999999994], [51.74999999999999, 50.2], [50.3, 49.85], [49.45, 54.1]]}, "0.8": {"adv_acc": [75.0, 62.5, 65.0, 72.5, 67.5], "victim_acc": [[47.85, 49.85], [48.449999999999996, 47.7], [53.7, 54.449999999999996], [55.800000000000004, 50.349999999999994], [54.900000000000006, 51.65]]}, "0.9": {"adv_acc": [70.0, 60.0, 65.0, 62.5, 65.0], "victim_acc": [[53.300000000000004, 47.0], [48.449999999999996, 52.449999999999996], [54.300000000000004, 52.1], [46.75, 62.8], [55.05, 48.449999999999996]]}, "1.0": {"adv_acc": [72.5, 65.0, 62.5, 67.5, 65.0], "victim_acc": [[58.650000000000006, 47.25], [56.00000000000001, 56.05], [51.6, 54.400000000000006], [56.599999999999994, 55.2], [52.900000000000006, 47.099999999999994]]}}, "threshold_perpoint": {"0.0": {"adv_acc": [75.0, 75.0, 72.5, 75.0, 77.5], "victim_acc": [55.10306686777275, 56.209150326797385, 54.80140774258422, 54.75113122171946, 55.80693815987934]}, "0.1": {"adv_acc": [82.5, 92.5, 87.5, 77.5, 72.5], "victim_acc": [58.95, 59.599999999999994, 50.8, 55.900000000000006, 57.15]}, "0.2": {"adv_acc": [67.5, 70.0, 70.0, 77.5, 77.5], "victim_acc": [51.7, 52.0, 53.300000000000004, 51.65, 55.35]}, "0.3": {"adv_acc": [80.0, 80.0, 72.5, 67.5, 67.5], "victim_acc": [55.00000000000001, 51.9, 50.24999999999999, 52.900000000000006, 49.75]}, "0.4": {"adv_acc": [65.0, 70.0, 70.0, 67.5, 67.5], "victim_acc": [50.64999999999999, 50.3, 50.3, 49.95, 51.15]}, "0.6": {"adv_acc": [70.0, 67.5, 62.5, 77.5, 70.0], "victim_acc": [48.15, 51.2, 53.2, 48.0, 52.7]}, "0.7": {"adv_acc": [70.0, 65.0, 72.5, 67.5, 70.0], "victim_acc": [51.55, 49.1, 52.5, 53.55, 50.64999999999999]}, "0.8": {"adv_acc": [75.0, 65.0, 70.0, 82.5, 67.5], "victim_acc": [48.3, 48.05, 46.85, 51.0, 50.1]}, "0.9": {"adv_acc": [67.5, 72.5, 65.0, 70.0, 77.5], "victim_acc": [56.10000000000001, 50.6, 54.15, 49.45, 49.2]}, "1.0": {"adv_acc": [75.0, 70.0, 70.0, 72.5, 97.5], "victim_acc": [58.8, 56.99999999999999, 56.99999999999999, 57.05, 58.8]}}}, "save time": "2022-05-03 22:23:10.466326"}