{"name": "celeba_y_blackbox_10_models", "start time": "2022-05-03 17:07:08.368905", "attack_config": {"train_config": {"data_config": {"name": "celeba", "prop": "Young", "value": 0.5, "split": "adv", "drop_senstive_cols": false, "scale": 1.0, "augment": false, "classify": "Male", "cwise_samples": null, "squeeze": true}, "epochs": 0, "learning_rate": 0.0, "batch_size": 0, "misc_config": null, "verbose": false, "num_models": 1, "offset": 0, "weight_decay": 0, "get_best": true, "cpu": false, "expect_extra": true, "save_every_epoch": false, "extra_info": null}, "values": [0.0, 0.1, 0.2, 0.3, 0.4, 0.6, 0.7, 0.8, 0.9, 1.0], "black_box": {"attack_type": ["loss_and_threshold", "threshold_perpoint"], "ratios": [0.05, 0.1, 0.2, 0.3, 0.4, 0.5, 1.0], "granularity": 0.05, "batch_size": 30000, "num_adv_models": 10, "preload": true}, "white_box": null, "tries": 5, "num_victim_models": 1000, "on_cpu": false, "adv_diff_misc_config": false, "adv_misc_config": null, "num_total_adv_models": 1000}, "result": {"loss_and_threshold": {"0.0": {"adv_acc": [75.0, 85.0, 75.0, 80.0, 85.0], "victim_acc": [[59.627953745600806, 63.83038422649141], [54.09753645047763, 50.97522750252781], [57.81799899446959, 59.79251769464105], [51.985922574157875, 53.4154701718908], [60.130718954248366, 55.92360970677453]]}, "0.1": {"adv_acc": [70.0, 70.0, 85.0, 80.0, 65.0], "victim_acc": [[49.1, 49.4], [58.85, 57.25], [59.9, 49.45], [52.400000000000006, 48.85], [50.3, 50.5]]}, "0.2": {"adv_acc": [75.0, 75.0, 65.0, 70.0, 70.0], "victim_acc": [[49.15, 50.5], [50.14999999999999, 59.0], [44.15, 57.75], [48.5, 60.8], [52.949999999999996, 53.800000000000004]]}, "0.3": {"adv_acc": [75.0, 80.0, 80.0, 65.0, 75.0], "victim_acc": [[49.9, 49.3], [50.4, 51.35000000000001], [52.55, 52.65], [52.55, 49.95], [52.849999999999994, 53.55]]}, "0.4": {"adv_acc": [70.0, 70.0, 85.0, 70.0, 75.0], "victim_acc": [[50.2, 52.25], [50.64999999999999, 53.400000000000006], [50.349999999999994, 49.9], [50.55, 49.85000000000001], [49.75, 51.65]]}, "0.6": {"adv_acc": [65.0, 70.0, 70.0, 65.0, 65.0], "victim_acc": [[49.25, 49.05], [52.15, 50.5], [51.6, 49.550000000000004], [50.349999999999994, 50.14999999999999], [49.75, 50.74999999999999]]}, "0.7": {"adv_acc": [70.0, 75.0, 75.0, 80.0, 70.0], "victim_acc": [[50.55, 52.95000000000001], [50.7, 50.9], [50.05, 53.05], [50.74999999999999, 52.400000000000006], [52.949999999999996, 49.35]]}, "0.8": {"adv_acc": [70.0, 80.0, 65.0, 75.0, 65.0], "victim_acc": [[47.15, 58.45], [55.800000000000004, 52.2], [53.349999999999994, 51.5], [54.50000000000001, 52.900000000000006], [53.349999999999994, 53.05]]}, "0.9": {"adv_acc": [85.0, 85.0, 75.0, 75.0, 75.0], "victim_acc": [[53.349999999999994, 55.05], [56.699999999999996, 48.4], [57.45, 56.099999999999994], [55.55, 50.150000000000006], [56.15, 54.400000000000006]]}, "1.0": {"adv_acc": [75.0, 85.0, 70.0, 75.0, 70.0], "victim_acc": [[49.4, 47.65], [47.55, 51.800000000000004], [55.45, 57.65], [48.3, 53.849999999999994], [50.2, 53.05]]}}, "threshold_perpoint": {"0.0": {"adv_acc": [80.0, 85.0, 75.0, 80.0, 80.0], "victim_acc": [60.33182503770739, 55.00251382604324, 61.739567621920564, 55.40472599296129, 59.47712418300654]}, "0.1": {"adv_acc": [75.0, 80.0, 80.0, 85.0, 70.0], "victim_acc": [52.5, 60.099999999999994, 53.2, 51.05, 51.800000000000004]}, "0.2": {"adv_acc": [75.0, 75.0, 65.0, 80.0, 70.0], "victim_acc": [52.6, 51.1, 52.900000000000006, 54.75, 53.1]}, "0.3": {"adv_acc": [85.0, 75.0, 85.0, 75.0, 75.0], "victim_acc": [51.7, 50.8, 53.300000000000004, 49.9, 51.65]}, "0.4": {"adv_acc": [85.0, 70.0, 80.0, 80.0, 75.0], "victim_acc": [51.800000000000004, 51.349999999999994, 48.9, 49.4, 50.5]}, "0.6": {"adv_acc": [85.0, 70.0, 75.0, 75.0, 65.0], "victim_acc": [48.449999999999996, 53.300000000000004, 52.55, 49.95, 48.5]}, "0.7": {"adv_acc": [65.0, 75.0, 70.0, 75.0, 70.0], "victim_acc": [52.55, 48.25, 49.4, 51.6, 53.1]}, "0.8": {"adv_acc": [80.0, 90.0, 90.0, 80.0, 75.0], "victim_acc": [56.2, 55.85, 50.0, 54.1, 55.50000000000001]}, "0.9": {"adv_acc": [80.0, 85.0, 80.0, 70.0, 70.0], "victim_acc": [56.39999999999999, 55.800000000000004, 55.65, 51.349999999999994, 57.699999999999996]}, "1.0": {"adv_acc": [80.0, 90.0, 85.0, 80.0, 70.0], "victim_acc": [50.3, 49.2, 53.05, 53.349999999999994, 52.300000000000004]}}}, "save time": "2022-05-03 22:22:23.093860"}