{"name": "celeba_m_blackbox_40_models", "start time": "2022-05-03 17:15:02.539483", "attack_config": {"train_config": {"data_config": {"name": "celeba", "prop": "Male", "value": 0.5, "split": "adv", "drop_senstive_cols": false, "scale": 1.0, "augment": false, "classify": "Smiling", "cwise_samples": null, "squeeze": true}, "epochs": 0, "learning_rate": 0.0, "batch_size": 0, "misc_config": null, "verbose": false, "num_models": 1, "offset": 0, "weight_decay": 0, "get_best": true, "cpu": false, "expect_extra": true, "save_every_epoch": false, "extra_info": null}, "values": [0.0, 0.1, 0.2, 0.3, 0.4, 0.6, 0.7, 0.8, 0.9, 1.0], "black_box": {"attack_type": ["loss_and_threshold", "threshold_perpoint"], "ratios": [0.05, 0.1, 0.2, 0.3, 0.4, 0.5, 1.0], "granularity": 0.05, "batch_size": 30000, "num_adv_models": 40, "preload": true}, "white_box": null, "tries": 5, "num_victim_models": 1000, "on_cpu": false, "adv_diff_misc_config": false, "adv_misc_config": null, "num_total_adv_models": 1000}, "result": {"loss_and_threshold": {"0.0": {"adv_acc": [96.25, 97.5, 100.0, 98.75, 98.75], "victim_acc": [[81.6, 58.599999999999994], [76.75, 79.0], [92.15, 91.25], [81.05, 85.55], [87.3, 86.94999999999999]]}, "0.1": {"adv_acc": [86.25, 92.5, 87.5, 91.25, 87.5], "victim_acc": [[67.45, 66.14999999999999], [66.5, 62.050000000000004], [74.15, 57.9], [74.05000000000001, 73.3], [69.15, 61.849999999999994]]}, "0.2": {"adv_acc": [95.0, 78.75, 88.75, 90.0, 90.0], "victim_acc": [[72.7, 66.14999999999999], [65.75, 43.0], [72.15, 46.65], [65.35, 58.15], [71.25, 59.45]]}, "0.3": {"adv_acc": [77.5, 73.75, 73.75, 70.0, 71.25], "victim_acc": [[57.550000000000004, 48.35], [54.85, 55.60000000000001], [51.449999999999996, 51.6], [60.650000000000006, 57.10000000000001], [53.849999999999994, 52.1]]}, "0.4": {"adv_acc": [73.75, 60.0, 62.5, 65.0, 76.25], "victim_acc": [[53.949999999999996, 51.050000000000004], [52.65, 51.05], [49.25, 46.0], [53.949999999999996, 44.849999999999994], [51.800000000000004, 51.0]]}, "0.6": {"adv_acc": [71.25, 61.25000000000001, 60.0, 63.74999999999999, 71.25], "victim_acc": [[53.55, 50.0], [51.74999999999999, 47.4], [50.849999999999994, 49.6], [51.4, 50.449999999999996], [52.300000000000004, 55.85]]}, "0.7": {"adv_acc": [71.25, 62.5, 68.75, 72.5, 71.25], "victim_acc": [[54.25, 52.55], [52.849999999999994, 50.05], [53.349999999999994, 50.8], [54.300000000000004, 50.349999999999994], [51.15, 50.74999999999999]]}, "0.8": {"adv_acc": [86.25, 95.0, 91.25, 91.25, 93.75], "victim_acc": [[50.05, 49.95], [50.14999999999999, 49.9], [50.0, 50.0], [50.0, 50.0], [50.0, 49.9]]}, "0.9": {"adv_acc": [68.75, 91.25, 75.0, 82.5, 81.25], "victim_acc": [[59.5, 50.6], [72.89999999999999, 56.65], [65.4, 50.349999999999994], [59.45, 50.24999999999999], [59.35, 50.6]]}, "1.0": {"adv_acc": [87.5, 98.75, 100.0, 97.5, 93.75], "victim_acc": [[79.25, 51.4], [91.9, 50.0], [85.5, 50.64999999999999], [72.1, 50.0], [91.45, 50.5]]}}, "threshold_perpoint": {"0.0": {"adv_acc": [100.0, 100.0, 100.0, 100.0, 100.0], "victim_acc": [93.75, 93.15, 93.65, 86.25, 83.45]}, "0.1": {"adv_acc": [100.0, 100.0, 98.75, 100.0, 100.0], "victim_acc": [87.85, 89.64999999999999, 77.75, 87.2, 90.7]}, "0.2": {"adv_acc": [72.5, 78.75, 75.0, 80.0, 70.0], "victim_acc": [52.900000000000006, 58.050000000000004, 55.95, 57.8, 54.0]}, "0.3": {"adv_acc": [93.75, 97.5, 97.5, 98.75, 100.0], "victim_acc": [70.1, 61.8, 65.0, 67.45, 70.8]}, "0.4": {"adv_acc": [80.0, 85.0, 93.75, 83.75, 87.5], "victim_acc": [53.05, 53.05, 56.2, 52.300000000000004, 52.5]}, "0.6": {"adv_acc": [77.5, 83.75, 68.75, 92.5, 66.25], "victim_acc": [52.2, 52.949999999999996, 51.9, 54.7, 52.05]}, "0.7": {"adv_acc": [83.75, 96.25, 95.0, 93.75, 96.25], "victim_acc": [57.199999999999996, 71.39999999999999, 67.9, 67.85, 71.5]}, "0.8": {"adv_acc": [86.25, 95.0, 90.0, 92.5, 93.75], "victim_acc": [50.0, 50.0, 50.0, 50.05, 50.0]}, "0.9": {"adv_acc": [100.0, 97.5, 98.75, 98.75, 98.75], "victim_acc": [63.5, 65.55, 66.8, 80.35, 68.30000000000001]}, "1.0": {"adv_acc": [98.75, 100.0, 100.0, 100.0, 100.0], "victim_acc": [69.85, 66.55, 60.35, 56.55, 63.55]}}}, "save time": "2022-05-04 03:41:02.864218"}