{"name": "new_census_blackbox_30_models", "start time": "2022-04-26 18:46:09.496512", "attack_config": {"train_config": {"data_config": {"name": "new_census", "prop": "sex", "value": 0.5, "split": "adv", "drop_senstive_cols": false, "scale": 1.0, "augment": false, "classify": null, "cwise_samples": null, "squeeze": true}, "epochs": 0, "learning_rate": 0.0, "batch_size": 0, "misc_config": null, "verbose": false, "num_models": 1, "offset": 0, "weight_decay": 0, "get_best": true, "cpu": false, "expect_extra": true, "save_every_epoch": false, "extra_info": null}, "values": [0.0, 0.1, 0.2, 0.3, 0.4, 0.6, 0.7, 0.8, 0.9, 1.0], "black_box": {"attack_type": ["loss_and_threshold", "threshold_perpoint"], "ratios": [0.05, 0.1, 0.2, 0.3, 0.4, 0.5, 1.0], "granularity": 0.05, "batch_size": 30000, "num_adv_models": 30, "preload": true}, "white_box": null, "tries": 5, "num_victim_models": 1000, "on_cpu": false, "adv_diff_misc_config": false, "adv_misc_config": null, "num_total_adv_models": 1000}, "result": {"loss_and_threshold": {"0.0": {"adv_acc": [100.0, 100.0, 100.0, 100.0, 100.0], "victim_acc": [[96.7, 88.45], [91.64999999999999, 57.15], [85.2, 100.0], [98.45, 88.7], [85.35000000000001, 100.0]]}, "0.1": {"adv_acc": [100.0, 100.0, 95.0, 96.66666666666667, 98.33333333333333], "victim_acc": [[93.60000000000001, 93.75], [86.85000000000001, 88.7], [73.55000000000001, 51.2], [87.75, 52.6], [75.7, 54.1]]}, "0.2": {"adv_acc": [90.0, 91.66666666666666, 93.33333333333333, 91.66666666666666, 91.66666666666666], "victim_acc": [[60.45, 77.69999999999999], [71.55, 50.14999999999999], [81.05, 50.0], [70.19999999999999, 50.05], [75.94999999999999, 50.14999999999999]]}, "0.3": {"adv_acc": [86.66666666666667, 78.33333333333333, 81.66666666666667, 76.66666666666667, 81.66666666666667], "victim_acc": [[59.099999999999994, 60.3], [56.95, 50.05], [60.550000000000004, 76.05], [57.199999999999996, 50.0], [58.85, 50.14999999999999]]}, "0.4": {"adv_acc": [70.0, 70.0, 73.33333333333333, 76.66666666666667, 71.66666666666667], "victim_acc": [[50.6, 51.4], [51.4, 50.05], [51.65, 56.65], [57.75, 50.1], [59.199999999999996, 50.0]]}, "0.6": {"adv_acc": [71.66666666666667, 75.0, 78.33333333333333, 65.0, 66.66666666666666], "victim_acc": [[53.15, 49.65], [53.949999999999996, 52.55], [59.650000000000006, 54.49999999999999], [53.949999999999996, 51.4], [52.2, 54.15]]}, "0.7": {"adv_acc": [83.33333333333334, 83.33333333333334, 76.66666666666667, 81.66666666666667, 90.0], "victim_acc": [[62.64999999999999, 56.49999999999999], [66.55, 50.3], [66.14999999999999, 51.74999999999999], [67.10000000000001, 50.0], [68.35, 76.7]]}, "0.8": {"adv_acc": [90.0, 95.0, 93.33333333333333, 88.33333333333333, 98.33333333333333], "victim_acc": [[77.05, 52.55], [75.8, 54.05], [71.35000000000001, 88.05], [72.2, 50.0], [82.1, 50.0]]}, "0.9": {"adv_acc": [100.0, 96.66666666666667, 100.0, 95.0, 98.33333333333333], "victim_acc": [[79.0, 80.2], [88.25, 50.1], [95.25, 97.7], [81.2, 95.25], [86.95, 50.0]]}, "1.0": {"adv_acc": [100.0, 100.0, 100.0, 100.0, 100.0], "victim_acc": [[97.39999999999999, 98.35000000000001], [88.9, 99.9], [90.2, 52.900000000000006], [94.89999999999999, 96.65], [81.69999999999999, 95.8]]}}, "threshold_perpoint": {"0.0": {"adv_acc": [100.0, 100.0, 100.0, 100.0, 100.0], "victim_acc": [99.8, 97.8, 100.0, 98.4, 99.95]}, "0.1": {"adv_acc": [100.0, 100.0, 100.0, 100.0, 100.0], "victim_acc": [91.2, 99.95, 98.85000000000001, 99.65, 98.0]}, "0.2": {"adv_acc": [100.0, 100.0, 100.0, 100.0, 100.0], "victim_acc": [90.75, 98.75, 93.30000000000001, 97.55, 95.39999999999999]}, "0.3": {"adv_acc": [100.0, 100.0, 100.0, 100.0, 100.0], "victim_acc": [91.35, 89.2, 89.1, 80.30000000000001, 88.64999999999999]}, "0.4": {"adv_acc": [100.0, 100.0, 100.0, 100.0, 100.0], "victim_acc": [71.3, 73.4, 71.0, 70.7, 67.2]}, "0.6": {"adv_acc": [100.0, 100.0, 100.0, 100.0, 100.0], "victim_acc": [72.89999999999999, 73.35000000000001, 70.55, 71.6, 74.7]}, "0.7": {"adv_acc": [100.0, 100.0, 100.0, 100.0, 100.0], "victim_acc": [88.55, 86.6, 90.35, 93.2, 92.7]}, "0.8": {"adv_acc": [100.0, 100.0, 100.0, 100.0, 100.0], "victim_acc": [93.55, 98.95, 98.55000000000001, 98.95, 98.2]}, "0.9": {"adv_acc": [100.0, 100.0, 100.0, 100.0, 100.0], "victim_acc": [100.0, 99.85000000000001, 99.8, 99.75, 96.8]}, "1.0": {"adv_acc": [100.0, 100.0, 100.0, 100.0, 100.0], "victim_acc": [100.0, 99.95, 99.6, 100.0, 99.95]}}}, "save time": "2022-04-26 20:19:54.886381"}