{"name": "new_census_blackbox_40_models_race", "start time": "2022-05-03 00:06:07.647633", "attack_config": {"train_config": {"data_config": {"name": "new_census", "prop": "race", "value": 0.5, "split": "adv", "drop_senstive_cols": false, "scale": 1.0, "augment": false, "classify": null, "cwise_samples": null, "squeeze": true}, "epochs": 0, "learning_rate": 0.0, "batch_size": 0, "misc_config": null, "verbose": false, "num_models": 1, "offset": 0, "weight_decay": 0, "get_best": true, "cpu": false, "expect_extra": true, "save_every_epoch": false, "extra_info": null}, "values": [0.0, 0.1, 0.2, 0.3, 0.4, 0.6, 0.7, 0.8, 0.9, 1.0], "black_box": {"attack_type": ["loss_and_threshold", "threshold_perpoint"], "ratios": [0.05, 0.1, 0.2, 0.3, 0.4, 0.5, 1.0], "granularity": 0.05, "batch_size": 30000, "num_adv_models": 40, "preload": true}, "white_box": null, "tries": 5, "num_victim_models": 1000, "on_cpu": false, "adv_diff_misc_config": false, "adv_misc_config": null, "num_total_adv_models": 1000}, "result": {"loss_and_threshold": {"0.0": {"adv_acc": [100.0, 100.0, 100.0, 100.0, 100.0], "victim_acc": [[98.15, 50.0], [81.10000000000001, 50.0], [87.0, 50.0], [88.44999999999999, 50.0], [75.05, 50.0]]}, "0.1": {"adv_acc": [98.75, 92.5, 97.5, 93.75, 95.0], "victim_acc": [[73.8, 51.449999999999996], [71.8, 50.0], [84.3, 50.0], [65.8, 50.0], [68.75, 50.0]]}, "0.2": {"adv_acc": [88.75, 73.75, 78.75, 77.5, 85.0], "victim_acc": [[54.75, 50.0], [61.7, 52.05], [54.7, 50.05], [61.199999999999996, 53.949999999999996], [70.89999999999999, 61.949999999999996]]}, "0.3": {"adv_acc": [67.5, 73.75, 67.5, 66.25, 71.25], "victim_acc": [[58.599999999999994, 50.0], [54.05, 52.900000000000006], [58.4, 51.15], [51.24999999999999, 50.0], [60.25, 55.099999999999994]]}, "0.4": {"adv_acc": [70.0, 58.75, 63.74999999999999, 70.0, 63.74999999999999], "victim_acc": [[50.349999999999994, 50.35000000000001], [51.6, 51.65], [47.8, 52.6], [51.0, 49.95], [54.85, 52.7]]}, "0.6": {"adv_acc": [75.0, 67.5, 58.75, 65.0, 70.0], "victim_acc": [[53.25, 50.349999999999994], [51.300000000000004, 50.0], [51.449999999999996, 53.05], [49.75, 50.3], [52.25, 49.75]]}, "0.7": {"adv_acc": [61.25000000000001, 73.75, 66.25, 65.0, 77.5], "victim_acc": [[57.15, 59.74999999999999], [57.199999999999996, 53.900000000000006], [56.39999999999999, 53.49999999999999], [57.35, 50.64999999999999], [56.89999999999999, 50.0]]}, "0.8": {"adv_acc": [70.0, 73.75, 72.5, 72.5, 82.5], "victim_acc": [[61.550000000000004, 54.85], [60.35, 52.400000000000006], [57.35, 50.24999999999999], [62.55, 63.050000000000004], [60.050000000000004, 51.5]]}, "0.9": {"adv_acc": [85.0, 83.75, 70.0, 80.0, 78.75], "victim_acc": [[76.9, 56.89999999999999], [60.650000000000006, 50.0], [60.25, 50.1], [70.3, 66.25], [56.05, 50.0]]}, "1.0": {"adv_acc": [92.5, 92.5, 93.75, 95.0, 92.5], "victim_acc": [[85.7, 50.2], [81.89999999999999, 63.55], [87.35000000000001, 64.1], [85.45, 61.74999999999999], [81.85, 50.2]]}}, "threshold_perpoint": {"0.0": {"adv_acc": [100.0, 100.0, 100.0, 100.0, 100.0], "victim_acc": [99.9, 100.0, 100.0, 99.95, 100.0]}, "0.1": {"adv_acc": [100.0, 100.0, 100.0, 100.0, 100.0], "victim_acc": [98.9, 99.75, 97.95, 98.6, 98.75]}, "0.2": {"adv_acc": [100.0, 100.0, 100.0, 100.0, 100.0], "victim_acc": [93.5, 95.89999999999999, 90.95, 94.15, 93.4]}, "0.3": {"adv_acc": [100.0, 98.75, 100.0, 98.75, 100.0], "victim_acc": [84.7, 83.2, 86.75, 78.3, 81.35]}, "0.4": {"adv_acc": [100.0, 100.0, 100.0, 100.0, 98.75], "victim_acc": [65.85, 65.45, 63.449999999999996, 58.099999999999994, 57.65]}, "0.6": {"adv_acc": [100.0, 100.0, 100.0, 100.0, 100.0], "victim_acc": [63.9, 62.7, 63.800000000000004, 62.3, 64.35]}, "0.7": {"adv_acc": [98.75, 100.0, 97.5, 100.0, 97.5], "victim_acc": [74.25, 79.9, 71.0, 80.65, 76.55]}, "0.8": {"adv_acc": [98.75, 100.0, 100.0, 100.0, 100.0], "victim_acc": [82.25, 91.7, 90.25, 92.5, 91.10000000000001]}, "0.9": {"adv_acc": [100.0, 100.0, 98.75, 100.0, 100.0], "victim_acc": [89.35, 89.0, 97.35000000000001, 95.45, 95.39999999999999]}, "1.0": {"adv_acc": [100.0, 100.0, 100.0, 100.0, 100.0], "victim_acc": [96.45, 98.95, 97.95, 99.25, 93.05]}}}, "save time": "2022-05-03 02:00:25.904449"}