{"name": "new_census_blackbox_20_models_race", "start time": "2022-05-03 00:09:55.103013", "attack_config": {"train_config": {"data_config": {"name": "new_census", "prop": "race", "value": 0.5, "split": "adv", "drop_senstive_cols": false, "scale": 1.0, "augment": false, "classify": null, "cwise_samples": null, "squeeze": true}, "epochs": 0, "learning_rate": 0.0, "batch_size": 0, "misc_config": null, "verbose": false, "num_models": 1, "offset": 0, "weight_decay": 0, "get_best": true, "cpu": false, "expect_extra": true, "save_every_epoch": false, "extra_info": null}, "values": [0.0, 0.1, 0.2, 0.3, 0.4, 0.6, 0.7, 0.8, 0.9, 1.0], "black_box": {"attack_type": ["loss_and_threshold", "threshold_perpoint"], "ratios": [0.05, 0.1, 0.2, 0.3, 0.4, 0.5, 1.0], "granularity": 0.05, "batch_size": 30000, "num_adv_models": 20, "preload": true}, "white_box": null, "tries": 5, "num_victim_models": 1000, "on_cpu": false, "adv_diff_misc_config": false, "adv_misc_config": null, "num_total_adv_models": 1000}, "result": {"loss_and_threshold": {"0.0": {"adv_acc": [100.0, 100.0, 100.0, 100.0, 100.0], "victim_acc": [[82.15, 50.0], [89.64999999999999, 50.0], [93.7, 50.0], [87.8, 50.0], [90.35, 50.1]]}, "0.1": {"adv_acc": [97.5, 95.0, 92.5, 87.5, 92.5], "victim_acc": [[65.25, 50.449999999999996], [67.05, 51.05], [76.5, 50.0], [61.75000000000001, 50.0], [79.55, 50.0]]}, "0.2": {"adv_acc": [77.5, 77.5, 77.5, 95.0, 90.0], "victim_acc": [[56.8, 60.550000000000004], [64.55, 50.0], [53.05, 54.7], [57.85, 50.0], [65.75, 63.6]]}, "0.3": {"adv_acc": [67.5, 92.5, 72.5, 75.0, 75.0], "victim_acc": [[54.85, 53.25], [52.900000000000006, 51.0], [55.1, 50.25000000000001], [55.300000000000004, 50.0], [53.849999999999994, 59.349999999999994]]}, "0.4": {"adv_acc": [67.5, 77.5, 80.0, 77.5, 65.0], "victim_acc": [[50.14999999999999, 49.35], [55.00000000000001, 52.949999999999996], [51.4, 49.550000000000004], [51.6, 49.6], [47.949999999999996, 52.150000000000006]]}, "0.6": {"adv_acc": [70.0, 72.5, 62.5, 72.5, 67.5], "victim_acc": [[49.3, 50.2], [49.05, 49.7], [51.0, 50.0], [51.65, 50.6], [49.6, 49.400000000000006]]}, "0.7": {"adv_acc": [65.0, 70.0, 70.0, 77.5, 67.5], "victim_acc": [[58.4, 52.900000000000006], [57.4, 50.55], [56.89999999999999, 54.949999999999996], [53.900000000000006, 52.55], [50.7, 50.2]]}, "0.8": {"adv_acc": [75.0, 90.0, 77.5, 87.5, 75.0], "victim_acc": [[52.1, 50.0], [71.55, 60.54999999999999], [57.4, 50.449999999999996], [60.699999999999996, 71.89999999999999], [51.800000000000004, 51.55]]}, "0.9": {"adv_acc": [85.0, 90.0, 95.0, 87.5, 80.0], "victim_acc": [[57.9, 50.5], [67.4, 50.0], [66.2, 54.949999999999996], [64.85, 66.9], [60.099999999999994, 67.7]]}, "1.0": {"adv_acc": [90.0, 95.0, 95.0, 92.5, 95.0], "victim_acc": [[70.35, 65.60000000000001], [83.35000000000001, 51.1], [86.3, 92.25], [79.95, 50.0], [81.05, 92.35]]}}, "threshold_perpoint": {"0.0": {"adv_acc": [100.0, 100.0, 100.0, 100.0, 100.0], "victim_acc": [99.9, 99.9, 99.9, 100.0, 100.0]}, "0.1": {"adv_acc": [100.0, 100.0, 100.0, 100.0, 100.0], "victim_acc": [99.1, 98.15, 99.15, 98.8, 97.55]}, "0.2": {"adv_acc": [100.0, 100.0, 100.0, 100.0, 100.0], "victim_acc": [88.3, 96.3, 93.4, 91.3, 91.85]}, "0.3": {"adv_acc": [100.0, 100.0, 100.0, 100.0, 100.0], "victim_acc": [73.7, 77.45, 72.15, 75.6, 77.64999999999999]}, "0.4": {"adv_acc": [100.0, 100.0, 100.0, 100.0, 100.0], "victim_acc": [52.0, 56.8, 61.5, 62.949999999999996, 63.0]}, "0.6": {"adv_acc": [100.0, 100.0, 100.0, 100.0, 100.0], "victim_acc": [59.199999999999996, 56.699999999999996, 60.9, 53.75, 61.050000000000004]}, "0.7": {"adv_acc": [100.0, 100.0, 100.0, 100.0, 100.0], "victim_acc": [68.7, 72.39999999999999, 76.75, 75.5, 80.05]}, "0.8": {"adv_acc": [100.0, 100.0, 100.0, 100.0, 100.0], "victim_acc": [87.85, 87.85, 90.14999999999999, 87.8, 86.4]}, "0.9": {"adv_acc": [100.0, 100.0, 100.0, 100.0, 100.0], "victim_acc": [96.7, 96.8, 97.39999999999999, 95.65, 96.75]}, "1.0": {"adv_acc": [100.0, 100.0, 100.0, 100.0, 100.0], "victim_acc": [98.5, 98.3, 96.65, 98.7, 98.55000000000001]}}}, "save time": "2022-05-03 01:58:47.390932"}