{"name": "new_census_blackbox_40_models", "start time": "2022-04-26 18:44:58.959709", "attack_config": {"train_config": {"data_config": {"name": "new_census", "prop": "sex", "value": 0.5, "split": "adv", "drop_senstive_cols": false, "scale": 1.0, "augment": false, "classify": null, "cwise_samples": null, "squeeze": true}, "epochs": 0, "learning_rate": 0.0, "batch_size": 0, "misc_config": null, "verbose": false, "num_models": 1, "offset": 0, "weight_decay": 0, "get_best": true, "cpu": false, "expect_extra": true, "save_every_epoch": false, "extra_info": null}, "values": [0.0, 0.1, 0.2, 0.3, 0.4, 0.6, 0.7, 0.8, 0.9, 1.0], "black_box": {"attack_type": ["loss_and_threshold", "threshold_perpoint"], "ratios": [0.05, 0.1, 0.2, 0.3, 0.4, 0.5, 1.0], "granularity": 0.05, "batch_size": 30000, "num_adv_models": 40, "preload": true}, "white_box": null, "tries": 5, "num_victim_models": 1000, "on_cpu": false, "adv_diff_misc_config": false, "adv_misc_config": null, "num_total_adv_models": 1000}, "result": {"loss_and_threshold": {"0.0": {"adv_acc": [100.0, 100.0, 100.0, 100.0, 100.0], "victim_acc": [[90.64999999999999, 86.65], [88.8, 63.0], [92.30000000000001, 96.15], [85.3, 54.2], [87.64999999999999, 99.8]]}, "0.1": {"adv_acc": [100.0, 98.75, 100.0, 98.75, 96.25], "victim_acc": [[81.55, 50.0], [79.95, 87.14999999999999], [93.5, 94.55], [83.25, 50.74999999999999], [89.35, 93.35]]}, "0.2": {"adv_acc": [91.25, 90.0, 87.5, 86.25, 90.0], "victim_acc": [[82.45, 67.6], [72.6, 51.300000000000004], [67.55, 50.0], [75.75, 50.0], [72.8, 70.89999999999999]]}, "0.3": {"adv_acc": [77.5, 70.0, 88.75, 80.0, 75.0], "victim_acc": [[63.9, 57.99999999999999], [52.05, 48.8], [62.3, 50.05], [64.3, 66.6], [61.150000000000006, 50.2]]}, "0.4": {"adv_acc": [60.0, 82.5, 67.5, 68.75, 68.75], "victim_acc": [[52.15, 48.75], [54.6, 52.75000000000001], [51.449999999999996, 51.800000000000004], [53.449999999999996, 51.7], [52.1, 50.2]]}, "0.6": {"adv_acc": [70.0, 60.0, 72.5, 80.0, 75.0], "victim_acc": [[53.5, 50.449999999999996], [47.55, 48.300000000000004], [54.25, 55.49999999999999], [56.99999999999999, 51.0], [53.900000000000006, 55.00000000000001]]}, "0.7": {"adv_acc": [80.0, 76.25, 67.5, 87.5, 75.0], "victim_acc": [[70.39999999999999, 54.300000000000004], [63.24999999999999, 70.45], [55.15, 63.14999999999999], [66.5, 50.05], [62.6, 50.5]]}, "0.8": {"adv_acc": [90.0, 81.25, 95.0, 83.75, 91.25], "victim_acc": [[75.4, 51.4], [69.1, 50.05], [81.05, 50.0], [75.1, 79.25], [71.75, 51.24999999999999]]}, "0.9": {"adv_acc": [100.0, 97.5, 100.0, 98.75, 97.5], "victim_acc": [[93.2, 56.45], [90.14999999999999, 50.449999999999996], [94.69999999999999, 54.449999999999996], [90.64999999999999, 98.44999999999999], [86.65, 50.0]]}, "1.0": {"adv_acc": [100.0, 100.0, 100.0, 100.0, 100.0], "victim_acc": [[96.5, 99.15], [97.3, 99.9], [96.8, 96.65], [89.35, 99.75], [97.89999999999999, 98.55000000000001]]}}, "threshold_perpoint": {"0.0": {"adv_acc": [100.0, 100.0, 100.0, 100.0, 100.0], "victim_acc": [96.95, 99.8, 99.35000000000001, 99.85000000000001, 98.65]}, "0.1": {"adv_acc": [100.0, 100.0, 100.0, 100.0, 100.0], "victim_acc": [99.05000000000001, 100.0, 99.45, 96.3, 99.8]}, "0.2": {"adv_acc": [100.0, 100.0, 100.0, 100.0, 100.0], "victim_acc": [93.30000000000001, 91.5, 98.75, 99.15, 95.1]}, "0.3": {"adv_acc": [98.75, 100.0, 100.0, 100.0, 100.0], "victim_acc": [91.05, 90.9, 91.8, 89.4, 91.9]}, "0.4": {"adv_acc": [100.0, 100.0, 100.0, 100.0, 100.0], "victim_acc": [71.05, 69.95, 67.55, 70.6, 67.60000000000001]}, "0.6": {"adv_acc": [95.0, 100.0, 100.0, 98.75, 100.0], "victim_acc": [62.3, 75.35, 65.8, 71.2, 70.7]}, "0.7": {"adv_acc": [100.0, 97.5, 98.75, 98.75, 100.0], "victim_acc": [94.55, 89.85, 91.3, 91.55, 88.35]}, "0.8": {"adv_acc": [100.0, 100.0, 100.0, 100.0, 100.0], "victim_acc": [98.45, 98.4, 91.14999999999999, 98.95, 96.8]}, "0.9": {"adv_acc": [100.0, 100.0, 100.0, 100.0, 100.0], "victim_acc": [99.95, 99.55000000000001, 98.95, 99.85000000000001, 99.85000000000001]}, "1.0": {"adv_acc": [100.0, 100.0, 100.0, 100.0, 100.0], "victim_acc": [100.0, 100.0, 100.0, 99.7, 99.95]}}}, "save time": "2022-04-26 20:20:23.374754"}