{"name": "new_census_blackbox_30_models_race", "start time": "2022-05-03 00:10:08.184660", "attack_config": {"train_config": {"data_config": {"name": "new_census", "prop": "race", "value": 0.5, "split": "adv", "drop_senstive_cols": false, "scale": 1.0, "augment": false, "classify": null, "cwise_samples": null, "squeeze": true}, "epochs": 0, "learning_rate": 0.0, "batch_size": 0, "misc_config": null, "verbose": false, "num_models": 1, "offset": 0, "weight_decay": 0, "get_best": true, "cpu": false, "expect_extra": true, "save_every_epoch": false, "extra_info": null}, "values": [0.0, 0.1, 0.2, 0.3, 0.4, 0.6, 0.7, 0.8, 0.9, 1.0], "black_box": {"attack_type": ["loss_and_threshold", "threshold_perpoint"], "ratios": [0.05, 0.1, 0.2, 0.3, 0.4, 0.5, 1.0], "granularity": 0.05, "batch_size": 30000, "num_adv_models": 30, "preload": true}, "white_box": null, "tries": 5, "num_victim_models": 1000, "on_cpu": false, "adv_diff_misc_config": false, "adv_misc_config": null, "num_total_adv_models": 1000}, "result": {"loss_and_threshold": {"0.0": {"adv_acc": [100.0, 100.0, 100.0, 100.0, 100.0], "victim_acc": [[81.8, 50.0], [85.75, 60.9], [89.2, 50.0], [91.05, 51.05], [83.05, 50.1]]}, "0.1": {"adv_acc": [91.66666666666666, 96.66666666666667, 93.33333333333333, 96.66666666666667, 93.33333333333333], "victim_acc": [[67.10000000000001, 50.0], [79.10000000000001, 50.0], [70.45, 50.0], [67.60000000000001, 50.0], [72.3, 50.0]]}, "0.2": {"adv_acc": [73.33333333333333, 81.66666666666667, 80.0, 75.0, 91.66666666666666], "victim_acc": [[56.65, 51.35000000000001], [60.5, 50.0], [75.3, 53.2], [61.75000000000001, 50.74999999999999], [64.2, 71.75]]}, "0.3": {"adv_acc": [66.66666666666666, 71.66666666666667, 66.66666666666666, 86.66666666666667, 76.66666666666667], "victim_acc": [[52.2, 48.199999999999996], [53.400000000000006, 50.1], [54.1, 49.45], [57.35, 50.64999999999999], [55.1, 50.0]]}, "0.4": {"adv_acc": [70.0, 71.66666666666667, 60.0, 71.66666666666667, 60.0], "victim_acc": [[50.55, 53.449999999999996], [50.8, 49.0], [48.4, 52.1], [55.00000000000001, 53.800000000000004], [52.55, 50.0]]}, "0.6": {"adv_acc": [63.33333333333333, 75.0, 68.33333333333333, 68.33333333333333, 68.33333333333333], "victim_acc": [[53.400000000000006, 48.9], [51.7, 50.1], [49.6, 50.0], [52.05, 53.349999999999994], [53.300000000000004, 49.15]]}, "0.7": {"adv_acc": [71.66666666666667, 76.66666666666667, 70.0, 65.0, 70.0], "victim_acc": [[59.699999999999996, 52.449999999999996], [57.4, 55.800000000000004], [51.449999999999996, 49.6], [52.6, 53.55], [57.199999999999996, 56.49999999999999]]}, "0.8": {"adv_acc": [70.0, 76.66666666666667, 78.33333333333333, 90.0, 78.33333333333333], "victim_acc": [[54.05, 53.65], [64.60000000000001, 63.3], [60.45, 54.400000000000006], [66.4, 53.05], [58.599999999999994, 52.75]]}, "0.9": {"adv_acc": [78.33333333333333, 86.66666666666667, 88.33333333333333, 80.0, 65.0], "victim_acc": [[62.0, 69.85], [72.39999999999999, 59.3], [59.35, 50.0], [64.05, 55.15], [63.65, 55.25]]}, "1.0": {"adv_acc": [93.33333333333333, 93.33333333333333, 86.66666666666667, 95.0, 98.33333333333333], "victim_acc": [[77.75, 54.2], [78.7, 50.7], [56.15, 50.0], [72.75, 86.14999999999999], [74.05000000000001, 56.15]]}}, "threshold_perpoint": {"0.0": {"adv_acc": [100.0, 100.0, 100.0, 100.0, 100.0], "victim_acc": [99.9, 99.95, 99.95, 99.95, 99.85000000000001]}, "0.1": {"adv_acc": [100.0, 100.0, 100.0, 100.0, 100.0], "victim_acc": [99.8, 99.8, 99.15, 97.15, 99.05000000000001]}, "0.2": {"adv_acc": [100.0, 100.0, 100.0, 100.0, 100.0], "victim_acc": [92.30000000000001, 80.85, 82.55, 89.05, 92.60000000000001]}, "0.3": {"adv_acc": [100.0, 100.0, 100.0, 100.0, 100.0], "victim_acc": [81.5, 78.85, 78.55, 81.0, 81.5]}, "0.4": {"adv_acc": [100.0, 100.0, 100.0, 100.0, 100.0], "victim_acc": [58.9, 55.900000000000006, 58.099999999999994, 53.25, 63.800000000000004]}, "0.6": {"adv_acc": [100.0, 100.0, 100.0, 100.0, 100.0], "victim_acc": [63.65, 59.050000000000004, 56.25, 54.2, 61.199999999999996]}, "0.7": {"adv_acc": [100.0, 100.0, 100.0, 100.0, 100.0], "victim_acc": [78.55, 66.9, 78.75, 78.4, 75.3]}, "0.8": {"adv_acc": [100.0, 100.0, 100.0, 100.0, 100.0], "victim_acc": [89.9, 89.85, 84.85000000000001, 89.8, 83.95]}, "0.9": {"adv_acc": [100.0, 100.0, 100.0, 100.0, 100.0], "victim_acc": [96.45, 96.85000000000001, 93.30000000000001, 93.60000000000001, 96.0]}, "1.0": {"adv_acc": [100.0, 100.0, 100.0, 100.0, 100.0], "victim_acc": [99.0, 95.25, 97.55, 93.65, 97.55]}}}, "save time": "2022-05-03 02:00:42.326992"}