{"name": "new_census_blackbox_20_models", "start time": "2022-04-26 18:47:04.022636", "attack_config": {"train_config": {"data_config": {"name": "new_census", "prop": "sex", "value": 0.5, "split": "adv", "drop_senstive_cols": false, "scale": 1.0, "augment": false, "classify": null, "cwise_samples": null, "squeeze": true}, "epochs": 0, "learning_rate": 0.0, "batch_size": 0, "misc_config": null, "verbose": false, "num_models": 1, "offset": 0, "weight_decay": 0, "get_best": true, "cpu": false, "expect_extra": true, "save_every_epoch": false, "extra_info": null}, "values": [0.0, 0.1, 0.2, 0.3, 0.4, 0.6, 0.7, 0.8, 0.9, 1.0], "black_box": {"attack_type": ["loss_and_threshold", "threshold_perpoint"], "ratios": [0.05, 0.1, 0.2, 0.3, 0.4, 0.5, 1.0], "granularity": 0.05, "batch_size": 30000, "num_adv_models": 20, "preload": true}, "white_box": null, "tries": 5, "num_victim_models": 1000, "on_cpu": false, "adv_diff_misc_config": false, "adv_misc_config": null, "num_total_adv_models": 1000}, "result": {"loss_and_threshold": {"0.0": {"adv_acc": [100.0, 100.0, 100.0, 100.0, 100.0], "victim_acc": [[87.75, 100.0], [76.8, 100.0], [81.45, 100.0], [79.05, 100.0], [71.3, 100.0]]}, "0.1": {"adv_acc": [100.0, 100.0, 100.0, 100.0, 100.0], "victim_acc": [[91.0, 54.2], [71.25, 93.30000000000001], [83.5, 60.8], [85.2, 50.3], [77.95, 50.24999999999999]]}, "0.2": {"adv_acc": [85.0, 97.5, 87.5, 87.5, 95.0], "victim_acc": [[68.35, 50.0], [73.2, 50.0], [65.0, 62.14999999999999], [67.10000000000001, 79.60000000000001], [79.60000000000001, 50.0]]}, "0.3": {"adv_acc": [85.0, 80.0, 82.5, 87.5, 77.5], "victim_acc": [[55.75, 50.74999999999999], [61.050000000000004, 62.4], [58.25, 50.14999999999999], [68.65, 56.8], [56.8, 50.0]]}, "0.4": {"adv_acc": [82.5, 82.5, 75.0, 75.0, 72.5], "victim_acc": [[53.849999999999994, 50.0], [52.2, 52.5], [48.3, 52.300000000000004], [52.300000000000004, 54.05], [54.0, 50.0]]}, "0.6": {"adv_acc": [75.0, 85.0, 75.0, 75.0, 77.5], "victim_acc": [[49.85, 49.25000000000001], [52.65, 50.0], [52.05, 50.2], [54.55, 56.89999999999999], [56.10000000000001, 48.75]]}, "0.7": {"adv_acc": [82.5, 80.0, 80.0, 85.0, 80.0], "victim_acc": [[58.15, 68.35], [64.0, 75.1], [52.2, 50.05], [60.35, 71.9], [59.199999999999996, 67.45]]}, "0.8": {"adv_acc": [97.5, 100.0, 87.5, 97.5, 100.0], "victim_acc": [[83.05, 51.6], [74.5, 75.7], [71.65, 52.949999999999996], [77.25, 64.25], [83.6, 51.849999999999994]]}, "0.9": {"adv_acc": [100.0, 100.0, 100.0, 100.0, 100.0], "victim_acc": [[77.64999999999999, 50.1], [73.6, 51.4], [88.94999999999999, 50.0], [73.1, 50.05], [86.25, 52.449999999999996]]}, "1.0": {"adv_acc": [100.0, 100.0, 100.0, 100.0, 100.0], "victim_acc": [[97.3, 90.05000000000001], [96.05, 58.550000000000004], [93.0, 100.0], [93.4, 100.0], [91.7, 50.05]]}}, "threshold_perpoint": {"0.0": {"adv_acc": [100.0, 100.0, 100.0, 100.0, 100.0], "victim_acc": [99.45, 100.0, 100.0, 100.0, 99.65]}, "0.1": {"adv_acc": [100.0, 100.0, 100.0, 100.0, 100.0], "victim_acc": [100.0, 99.85000000000001, 99.05000000000001, 99.85000000000001, 99.55000000000001]}, "0.2": {"adv_acc": [100.0, 100.0, 100.0, 100.0, 100.0], "victim_acc": [98.1, 89.2, 78.64999999999999, 78.0, 97.39999999999999]}, "0.3": {"adv_acc": [100.0, 100.0, 100.0, 100.0, 100.0], "victim_acc": [84.85000000000001, 88.44999999999999, 83.8, 90.9, 86.6]}, "0.4": {"adv_acc": [100.0, 100.0, 100.0, 100.0, 100.0], "victim_acc": [57.8, 73.55000000000001, 66.55, 64.5, 62.5]}, "0.6": {"adv_acc": [100.0, 100.0, 100.0, 100.0, 100.0], "victim_acc": [67.85, 73.05, 72.25, 66.0, 66.3]}, "0.7": {"adv_acc": [100.0, 100.0, 100.0, 100.0, 100.0], "victim_acc": [92.5, 87.64999999999999, 75.1, 82.19999999999999, 88.9]}, "0.8": {"adv_acc": [100.0, 100.0, 100.0, 100.0, 100.0], "victim_acc": [94.55, 98.55000000000001, 94.35, 91.3, 96.55]}, "0.9": {"adv_acc": [100.0, 100.0, 100.0, 100.0, 100.0], "victim_acc": [99.95, 99.0, 99.9, 99.5, 97.75]}, "1.0": {"adv_acc": [100.0, 100.0, 100.0, 100.0, 100.0], "victim_acc": [100.0, 99.7, 99.9, 99.85000000000001, 99.35000000000001]}}}, "save time": "2022-04-26 20:19:36.689752"}