{"name": "new_census_blackbox_10_models", "start time": "2022-04-26 18:47:13.412189", "attack_config": {"train_config": {"data_config": {"name": "new_census", "prop": "sex", "value": 0.5, "split": "adv", "drop_senstive_cols": false, "scale": 1.0, "augment": false, "classify": null, "cwise_samples": null, "squeeze": true}, "epochs": 0, "learning_rate": 0.0, "batch_size": 0, "misc_config": null, "verbose": false, "num_models": 1, "offset": 0, "weight_decay": 0, "get_best": true, "cpu": false, "expect_extra": true, "save_every_epoch": false, "extra_info": null}, "values": [0.0, 0.1, 0.2, 0.3, 0.4, 0.6, 0.7, 0.8, 0.9, 1.0], "black_box": {"attack_type": ["loss_and_threshold", "threshold_perpoint"], "ratios": [0.05, 0.1, 0.2, 0.3, 0.4, 0.5, 1.0], "granularity": 0.05, "batch_size": 30000, "num_adv_models": 10, "preload": true}, "white_box": null, "tries": 5, "num_victim_models": 1000, "on_cpu": false, "adv_diff_misc_config": false, "adv_misc_config": null, "num_total_adv_models": 1000}, "result": {"loss_and_threshold": {"0.0": {"adv_acc": [100.0, 100.0, 100.0, 100.0, 100.0], "victim_acc": [[56.65, 100.0], [92.10000000000001, 78.4], [84.7, 99.6], [86.0, 100.0], [84.5, 99.9]]}, "0.1": {"adv_acc": [100.0, 100.0, 100.0, 100.0, 100.0], "victim_acc": [[77.35, 60.9], [85.05, 58.3], [70.8, 73.64999999999999], [76.4, 51.65], [81.75, 60.6]]}, "0.2": {"adv_acc": [100.0, 95.0, 95.0, 100.0, 90.0], "victim_acc": [[72.45, 57.00000000000001], [59.0, 50.0], [61.75000000000001, 69.5], [61.199999999999996, 77.69999999999999], [70.95, 75.1]]}, "0.3": {"adv_acc": [95.0, 85.0, 95.0, 90.0, 90.0], "victim_acc": [[60.95, 50.349999999999994], [63.849999999999994, 50.349999999999994], [56.25, 50.14999999999999], [55.800000000000004, 54.75], [58.8, 55.15]]}, "0.4": {"adv_acc": [85.0, 85.0, 75.0, 85.0, 80.0], "victim_acc": [[53.449999999999996, 50.550000000000004], [51.24999999999999, 48.75], [52.1, 52.5], [55.00000000000001, 49.8], [59.099999999999994, 60.5]]}, "0.6": {"adv_acc": [80.0, 75.0, 75.0, 80.0, 75.0], "victim_acc": [[45.550000000000004, 50.74999999999999], [54.800000000000004, 47.9], [56.99999999999999, 51.800000000000004], [50.05, 50.0], [51.0, 56.25]]}, "0.7": {"adv_acc": [90.0, 100.0, 85.0, 75.0, 90.0], "victim_acc": [[58.050000000000004, 50.0], [66.4, 56.35], [60.050000000000004, 50.05], [62.35000000000001, 50.0], [57.8, 53.900000000000006]]}, "0.8": {"adv_acc": [100.0, 100.0, 95.0, 90.0, 100.0], "victim_acc": [[66.0, 50.0], [62.25000000000001, 64.05], [51.55, 64.85], [73.0, 50.0], [58.699999999999996, 74.4]]}, "0.9": {"adv_acc": [100.0, 95.0, 100.0, 100.0, 100.0], "victim_acc": [[77.2, 84.94999999999999], [68.10000000000001, 50.0], [94.85, 50.55], [58.3, 50.0], [63.9, 50.55]]}, "1.0": {"adv_acc": [100.0, 100.0, 100.0, 100.0, 100.0], "victim_acc": [[83.35000000000001, 52.400000000000006], [86.35000000000001, 96.85000000000001], [83.7, 93.10000000000001], [81.65, 98.6], [85.05, 83.0]]}}, "threshold_perpoint": {"0.0": {"adv_acc": [100.0, 100.0, 100.0, 100.0, 100.0], "victim_acc": [99.95, 99.2, 100.0, 99.5, 100.0]}, "0.1": {"adv_acc": [100.0, 100.0, 100.0, 100.0, 100.0], "victim_acc": [99.15, 84.25, 88.64999999999999, 98.65, 89.8]}, "0.2": {"adv_acc": [100.0, 100.0, 100.0, 100.0, 100.0], "victim_acc": [96.35000000000001, 91.60000000000001, 94.95, 96.6, 96.15]}, "0.3": {"adv_acc": [100.0, 100.0, 100.0, 100.0, 100.0], "victim_acc": [84.85000000000001, 82.25, 77.7, 87.85, 80.80000000000001]}, "0.4": {"adv_acc": [100.0, 100.0, 100.0, 100.0, 100.0], "victim_acc": [50.7, 65.95, 57.3, 66.5, 50.1]}, "0.6": {"adv_acc": [100.0, 100.0, 100.0, 100.0, 100.0], "victim_acc": [65.45, 69.95, 62.8, 57.3, 63.05]}, "0.7": {"adv_acc": [100.0, 100.0, 100.0, 100.0, 100.0], "victim_acc": [78.0, 83.25, 76.85, 89.3, 86.35000000000001]}, "0.8": {"adv_acc": [100.0, 100.0, 100.0, 100.0, 100.0], "victim_acc": [82.25, 85.9, 92.25, 94.95, 97.3]}, "0.9": {"adv_acc": [100.0, 100.0, 100.0, 100.0, 100.0], "victim_acc": [99.85000000000001, 99.55000000000001, 99.9, 91.14999999999999, 95.45]}, "1.0": {"adv_acc": [100.0, 100.0, 100.0, 100.0, 100.0], "victim_acc": [98.75, 99.3, 99.85000000000001, 99.9, 99.55000000000001]}}}, "save time": "2022-04-26 20:19:10.790909"}