{"name": "new_census_blackbox_10_models_race", "start time": "2022-05-03 00:12:18.613227", "attack_config": {"train_config": {"data_config": {"name": "new_census", "prop": "race", "value": 0.5, "split": "adv", "drop_senstive_cols": false, "scale": 1.0, "augment": false, "classify": null, "cwise_samples": null, "squeeze": true}, "epochs": 0, "learning_rate": 0.0, "batch_size": 0, "misc_config": null, "verbose": false, "num_models": 1, "offset": 0, "weight_decay": 0, "get_best": true, "cpu": false, "expect_extra": true, "save_every_epoch": false, "extra_info": null}, "values": [0.0, 0.1, 0.2, 0.3, 0.4, 0.6, 0.7, 0.8, 0.9, 1.0], "black_box": {"attack_type": ["loss_and_threshold", "threshold_perpoint"], "ratios": [0.05, 0.1, 0.2, 0.3, 0.4, 0.5, 1.0], "granularity": 0.05, "batch_size": 30000, "num_adv_models": 10, "preload": true}, "white_box": null, "tries": 5, "num_victim_models": 1000, "on_cpu": false, "adv_diff_misc_config": false, "adv_misc_config": null, "num_total_adv_models": 1000}, "result": {"loss_and_threshold": {"0.0": {"adv_acc": [100.0, 100.0, 100.0, 100.0, 100.0], "victim_acc": [[74.45, 50.0], [63.55, 68.35], [59.45, 50.0], [74.05000000000001, 50.1], [63.24999999999999, 50.0]]}, "0.1": {"adv_acc": [95.0, 100.0, 95.0, 95.0, 95.0], "victim_acc": [[58.199999999999996, 65.3], [77.4, 50.0], [58.599999999999994, 62.8], [70.19999999999999, 59.3], [82.89999999999999, 56.49999999999999]]}, "0.2": {"adv_acc": [80.0, 95.0, 75.0, 90.0, 100.0], "victim_acc": [[50.8, 53.35000000000001], [58.650000000000006, 61.45], [51.5, 58.80000000000001], [60.45, 64.7], [60.75000000000001, 50.05]]}, "0.3": {"adv_acc": [70.0, 90.0, 90.0, 90.0, 80.0], "victim_acc": [[52.1, 50.24999999999999], [53.6, 48.550000000000004], [54.800000000000004, 51.1], [58.9, 50.0], [53.15, 53.2]]}, "0.4": {"adv_acc": [75.0, 75.0, 75.0, 80.0, 85.0], "victim_acc": [[52.6, 49.85], [50.05, 50.14999999999999], [51.7, 47.3], [47.449999999999996, 49.9], [52.449999999999996, 52.15]]}, "0.6": {"adv_acc": [75.0, 85.0, 75.0, 75.0, 80.0], "victim_acc": [[52.0, 50.5], [50.7, 50.1], [51.6, 50.95], [49.8, 50.1], [53.449999999999996, 49.75000000000001]]}, "0.7": {"adv_acc": [90.0, 70.0, 75.0, 75.0, 75.0], "victim_acc": [[54.85, 50.0], [44.95, 49.05], [52.2, 51.74999999999999], [50.55, 50.2], [50.6, 49.75]]}, "0.8": {"adv_acc": [85.0, 85.0, 85.0, 100.0, 75.0], "victim_acc": [[51.949999999999996, 50.2], [54.1, 51.05], [56.85, 50.0], [61.25000000000001, 49.5], [53.400000000000006, 49.2]]}, "0.9": {"adv_acc": [100.0, 95.0, 80.0, 85.0, 90.0], "victim_acc": [[72.15, 51.2], [72.0, 77.05], [66.4, 50.05], [62.3, 50.0], [70.25, 50.0]]}, "1.0": {"adv_acc": [95.0, 100.0, 100.0, 95.0, 100.0], "victim_acc": [[71.55, 50.0], [71.65, 50.0], [73.35000000000001, 75.05], [75.7, 61.9], [82.35, 85.8]]}}, "threshold_perpoint": {"0.0": {"adv_acc": [100.0, 100.0, 100.0, 100.0, 100.0], "victim_acc": [99.95, 99.75, 99.95, 99.5, 99.4]}, "0.1": {"adv_acc": [100.0, 100.0, 100.0, 100.0, 100.0], "victim_acc": [96.95, 96.35000000000001, 95.65, 97.1, 91.14999999999999]}, "0.2": {"adv_acc": [100.0, 100.0, 100.0, 100.0, 100.0], "victim_acc": [85.45, 83.2, 71.65, 90.2, 81.55]}, "0.3": {"adv_acc": [100.0, 100.0, 100.0, 100.0, 100.0], "victim_acc": [71.3, 65.7, 68.0, 72.1, 67.0]}, "0.4": {"adv_acc": [100.0, 100.0, 100.0, 100.0, 100.0], "victim_acc": [54.2, 55.1, 57.65, 57.95, 59.95]}, "0.6": {"adv_acc": [100.0, 100.0, 100.0, 100.0, 100.0], "victim_acc": [57.099999999999994, 47.8, 53.2, 53.349999999999994, 55.7]}, "0.7": {"adv_acc": [100.0, 100.0, 100.0, 100.0, 100.0], "victim_acc": [69.85, 68.0, 69.6, 67.45, 73.05]}, "0.8": {"adv_acc": [100.0, 100.0, 100.0, 100.0, 100.0], "victim_acc": [80.25, 76.4, 77.60000000000001, 74.35000000000001, 84.7]}, "0.9": {"adv_acc": [100.0, 100.0, 100.0, 100.0, 100.0], "victim_acc": [90.2, 91.14999999999999, 86.85000000000001, 89.35, 87.45]}, "1.0": {"adv_acc": [100.0, 100.0, 100.0, 100.0, 100.0], "victim_acc": [89.75, 95.65, 94.25, 98.5, 97.65]}}}, "save time": "2022-05-03 01:19:07.647457"}